{
  "AUC": 0.8377622377622377,
  "AP": 0.7634817643341599,
  "LogLoss": 0.592838306405511,
  "ACC": 0.7631578947368421,
  "Precision": 0.688,
  "Recall": 0.7818181818181819,
  "F1": 0.7319148936170212,
  "Specificity": 0.75,
  "TN": 117,
  "FP": 39,
  "FN": 24,
  "TP": 86,
  "Threshold": 0.4,
  "Spec_at_Recall95": 0.5384615384615384,
  "FPR_at_Recall95": 0.46153846153846156,
  "Thr_at_Recall95": 0.34396776504648297,
  "AUC_CI95_L": 0.7870409675728,
  "AUC_CI95_U": 0.8833829862936587,
  "Threshold_Source": {
    "type": "train_oof",
    "metric": "fixed0.4",
    "value": 0.4
  }
}