{
  "AUC": 0.6729020979020979,
  "AP": 0.5715740842328934,
  "LogLoss": 0.6371437851739419,
  "ACC": 0.6127819548872181,
  "Precision": 0.5220125786163522,
  "Recall": 0.7545454545454545,
  "F1": 0.6171003717472119,
  "Specificity": 0.5128205128205128,
  "TN": 80,
  "FP": 76,
  "FN": 27,
  "TP": 83,
  "Threshold": 0.4,
  "Spec_at_Recall95": 0.13461538461538458,
  "FPR_at_Recall95": 0.8653846153846154,
  "Thr_at_Recall95": 0.2913294071793739,
  "AUC_CI95_L": 0.6068537484390508,
  "AUC_CI95_U": 0.7359678764396098,
  "Threshold_Source": {
    "type": "train_oof",
    "metric": "fixed0.4",
    "value": 0.4
  }
}