{
  "AUC": 0.8343240093240093,
  "AP": 0.790176057759655,
  "LogLoss": 0.6330751271833985,
  "ECE": 0.14799720552993484,
  "Brier": 0.22062718766799425,
  "ACC": 0.650375939849624,
  "Precision": 0.5469613259668509,
  "Recall": 0.9,
  "F1": 0.6804123711340206,
  "Specificity": 0.47435897435897434,
  "TN": 74,
  "FP": 82,
  "FN": 11,
  "TP": 99,
  "Threshold": 0.4,
  "Spec_at_Recall95": 0.3910256410256411,
  "FPR_at_Recall95": 0.6089743589743589,
  "Thr_at_Recall95": 0.38944386313349516,
  "AUC_CI95_L": 0.7843345220077012,
  "AUC_CI95_U": 0.8817403124488348,
  "Threshold_Source": {
    "type": "train_oof",
    "metric": "fixed0.4",
    "value": 0.4
  }
}