{
  "AUC": 0.7860722610722611,
  "AP": 0.7362451628375937,
  "LogLoss": 0.5543924803500027,
  "ECE": 0.06801544809263374,
  "Brier": 0.18605377012330596,
  "ACC": 0.7105263157894737,
  "Precision": 0.6341463414634146,
  "Recall": 0.7090909090909091,
  "F1": 0.6695278969957081,
  "Specificity": 0.7115384615384616,
  "TN": 111,
  "FP": 45,
  "FN": 32,
  "TP": 78,
  "Threshold": 0.4,
  "Spec_at_Recall95": 0.22435897435897434,
  "FPR_at_Recall95": 0.7756410256410257,
  "Thr_at_Recall95": 0.2150748658282029,
  "AUC_CI95_L": 0.7283719450515707,
  "AUC_CI95_U": 0.8413603664153556,
  "Threshold_Source": {
    "type": "train_oof",
    "metric": "fixed0.4",
    "value": 0.4
  }
}