{
  "AUC": 0.748892773892774,
  "AP": 0.6401318749997773,
  "LogLoss": 0.588706921999331,
  "ECE": 0.07653991611921881,
  "Brier": 0.20116023029977692,
  "ACC": 0.6954887218045113,
  "Precision": 0.6,
  "Recall": 0.7909090909090909,
  "F1": 0.6823529411764706,
  "Specificity": 0.6282051282051282,
  "TN": 98,
  "FP": 58,
  "FN": 23,
  "TP": 87,
  "Threshold": 0.4,
  "Spec_at_Recall95": 0.16025641025641024,
  "FPR_at_Recall95": 0.8397435897435898,
  "Thr_at_Recall95": 0.20445566621199665,
  "AUC_CI95_L": 0.6883145990780121,
  "AUC_CI95_U": 0.8064800769652013,
  "Threshold_Source": {
    "type": "train_oof",
    "metric": "fixed0.4",
    "value": 0.4
  }
}