{
  "AUC": 0.7843240093240094,
  "AP": 0.6975319784139526,
  "LogLoss": 0.644318236028173,
  "ECE": 0.14048059192561954,
  "Brier": 0.22627861792699358,
  "ACC": 0.631578947368421,
  "Precision": 0.531578947368421,
  "Recall": 0.9181818181818182,
  "F1": 0.6733333333333333,
  "Specificity": 0.42948717948717946,
  "TN": 67,
  "FP": 89,
  "FN": 9,
  "TP": 101,
  "Threshold": 0.4,
  "Spec_at_Recall95": 0.40384615384615385,
  "FPR_at_Recall95": 0.5961538461538461,
  "Thr_at_Recall95": 0.3964482671741266,
  "AUC_CI95_L": 0.7303509340716167,
  "AUC_CI95_U": 0.8378236862987127,
  "Threshold_Source": {
    "type": "train_oof",
    "metric": "fixed0.4",
    "value": 0.4
  }
}