{
  "lr": {
    "val_auc": 0.5249999999999999,
    "test_auc": 0.5543478260869565
  },
  "svm": {
    "val_auc": 0.5201388888888889,
    "test_auc": 0.5326086956521738
  },
  "xgb": {
    "val_auc": 0.50625,
    "test_auc": 0.6168478260869565
  }
}