{
  "AUC": 0.8650932400932402,
  "AP": 0.8182951279778768,
  "LogLoss": 0.634442420196623,
  "ACC": 0.7368421052631579,
  "Precision": 0.6234567901234568,
  "Recall": 0.9181818181818182,
  "F1": 0.7426470588235294,
  "Specificity": 0.6089743589743589,
  "TN": 95,
  "FP": 61,
  "FN": 9,
  "TP": 101,
  "Threshold": 0.4,
  "Spec_at_Recall95": 0.41666666666666663,
  "FPR_at_Recall95": 0.5833333333333334,
  "Thr_at_Recall95": 0.38245711610456,
  "AUC_CI95_L": 0.8167435377639041,
  "AUC_CI95_U": 0.9056377078117123,
  "Threshold_Source": {
    "type": "train_oof",
    "metric": "fixed0.4",
    "value": 0.4
  }
}