{
  "AUC": 0.6917832167832167,
  "AP": 0.6220175714573675,
  "LogLoss": 0.6356314781002629,
  "ACC": 0.5864661654135338,
  "Precision": 0.5,
  "Recall": 0.7818181818181819,
  "F1": 0.6099290780141844,
  "Specificity": 0.44871794871794873,
  "TN": 70,
  "FP": 86,
  "FN": 24,
  "TP": 86,
  "Threshold": 0.4,
  "Spec_at_Recall95": 0.16025641025641024,
  "FPR_at_Recall95": 0.8397435897435898,
  "Thr_at_Recall95": 0.33610288491451573,
  "AUC_CI95_L": 0.6271424075368592,
  "AUC_CI95_U": 0.7544339248029469,
  "Threshold_Source": {
    "type": "train_oof",
    "metric": "fixed0.4",
    "value": 0.4
  }
}